split,tournament,player,fj_id,tm_id,dob,team_id,team_name,position,age,value_before,value_before_12m,value_after,wc_goals,wc_matches,wc_starts,wc_subs,prior_wc,target_logratio,target_pct,log_vb,value_trend_1y,pos_DEF,pos_FWD,pos_GK,pos_MID,target_abs_m,target_B,pred_B_slog,pred_gain_m
predict,WC-2026,samir el mourabet,,1130514.0,2005-10-06,,Morocco,MID,20.67898699520876,8000000.0,50000.0,,,,,,0,,,15.89495209964411,5.075153940433816,False,False,False,True,,,1.5057051,3.507331
predict,WC-2026,yan diomande,,1390649.0,2006-11-14,,Côte D'Ivoire,FWD,19.572895277207394,45000000.0,1500000.0,,,,,,0,,,17.622173047734595,3.401196737217933,False,True,False,False,,,1.4919987,3.445973
predict,WC-2026,luka vuskovic,,892160.0,2007-02-24,,Croatia,DEF,19.293634496919918,40000000.0,12000000.0,,,,,,0,,,17.50439001207821,1.2039727459926057,True,False,False,False,,,1.3951544,3.0355973
predict,WC-2026,ibrahim mbaye,,1185888.0,2008-01-24,,Senegal,FWD,18.379192334017795,25000000.0,3000000.0,,,,,,0,,,17.034386382832476,2.1202632428668124,False,True,False,False,,,1.2871239,2.6223533
predict,WC-2026,johan kula manzambi,,927353.0,2005-10-14,,Switzerland,MID,20.657084188911703,30000000.0,8000000.0,,,,,,0,,,17.216707939626428,1.3217557483156601,False,False,False,True,,,1.1887637,2.28302
predict,WC-2026,nico o reilly,,743413.0,2005-03-21,,England,DEF,21.22381930184805,40000000.0,18000000.0,,,,,,0,,,17.50439001207821,0.7985076656622173,True,False,False,False,,,1.1457281,2.1447303
predict,WC-2026,ayyoub bouaddi,,1097139.0,2007-10-02,,Morocco,MID,18.691307323750856,40000000.0,28000000.0,,,,,,0,,,17.50439001207821,0.356674933224447,False,False,False,True,,,1.1252931,2.08112
predict,WC-2026,lennart karl,,1075147.0,2008-02-22,,Germany,MID,18.299794661190965,60000000.0,,,,,,,0,,,17.909855120186375,0.0,False,False,False,True,,,1.0781165,1.9391387
predict,WC-2026,zeno koen debast,,548193.0,2003-10-24,,Belgium,DEF,22.63107460643395,30000000.0,30000000.0,,,,,,1,,,17.216707939626428,0.0,True,False,False,False,,,1.0254565,1.7883682
predict,WC-2026,chemsdine talbi,,743384.0,2005-05-09,,Morocco,MID,21.089664613278575,22000000.0,8000000.0,,,,,,0,,,16.90655301132259,1.011600832133032,False,False,False,True,,,1.0222371,1.7794056
predict,WC-2026,nuno alexandre tavares mendes,,616341.0,2002-06-19,,Portugal,DEF,23.978097193702943,75000000.0,70000000.0,,,,,,1,,,18.132998671500584,0.06899287053457043,True,False,False,False,,,1.0195938,1.7720685
predict,WC-2026,bazoumana toure,,1067904.0,2006-03-02,,Côte D'Ivoire,FWD,20.27652292950034,25000000.0,9000000.0,,,,,,0,,,17.034386382832476,1.0216511764208756,False,True,False,False,,,1.01757,1.7664642
predict,WC-2026,can ylmaz uzun,,816585.0,2005-11-11,,Türkiye,FWD,20.580424366872005,45000000.0,18000000.0,,,,,,0,,,17.622173047734595,0.916290698540823,False,True,False,False,,,0.99918175,1.7160585
predict,WC-2026,jurrien david norman timber,,420243.0,2001-06-17,,Netherlands,DEF,24.982888432580424,70000000.0,55000000.0,,,,,,1,,,18.064005800013632,0.24116205292078433,True,False,False,False,,,0.9808021,1.6665943
predict,WC-2026,senne lammens,,503883.0,2002-07-07,,Belgium,GK,23.928815879534564,25000000.0,7500000.0,,,,,,0,,,17.034386382832476,1.2039727109926108,False,False,True,False,,,0.9784697,1.660382
predict,WC-2026,jarell amorin quansah,,632349.0,2003-01-29,,England,DEF,23.364818617385353,40000000.0,20000000.0,,,,,,0,,,17.50439001207821,0.6931471555599462,True,False,False,False,,,0.96564174,1.6264727
predict,WC-2026,jorrel evan hato,,904802.0,2006-03-07,,Netherlands,DEF,20.262833675564682,35000000.0,35000000.0,,,,,,0,,,17.37085861945369,0.0,True,False,False,False,,,0.9594372,1.6102271
predict,WC-2026,robin francois philippe risser,,743515.0,2004-12-02,,France,GK,21.522245037645447,10000000.0,1500000.0,,,,,,0,,,16.11809565095832,1.8971194182194318,False,False,True,False,,,0.9519858,1.5908494
predict,WC-2026,joao pedro goncalves neves,,670681.0,2004-09-27,,Portugal,MID,21.702943189596166,110000000.0,80000000.0,,,,,,0,,,18.51599092375669,0.31845372770944375,False,False,False,True,,,0.9424845,1.5663495
predict,WC-2026,mamadou sarr,,910905.0,2005-08-29,,Senegal,DEF,20.78302532511978,25000000.0,20000000.0,,,,,,0,,,17.034386382832476,0.22314354131421013,True,False,False,False,,,0.9316849,1.5387833
predict,WC-2026,bart verbruggen,,565093.0,2002-08-18,,Netherlands,GK,23.813826146475016,35000000.0,30000000.0,,,,,,0,,,17.37085861945369,0.15415067506535376,False,False,True,False,,,0.9239528,1.5192287
predict,WC-2026,nathaniel christopher brown,,691892.0,2003-06-16,,Germany,DEF,22.986995208761122,35000000.0,22000000.0,,,,,,0,,,17.37085861945369,0.46430559124798154,True,False,False,False,,,0.9082789,1.4800503
predict,WC-2026,petar sucic,,668207.0,2003-10-25,,Croatia,MID,22.628336755646817,30000000.0,14000000.0,,,,,,0,,,17.216707939626428,0.7621400139516606,False,False,False,True,,,0.90361506,1.4685109
predict,WC-2026,ra belghali,,864306.0,2002-06-07,,Algeria,DEF,24.01095140314853,7000000.0,1200000.0,,,,,,0,,,15.761420707019587,1.7635879017855052,True,False,False,False,,,0.8989753,1.4570842
predict,WC-2026,kenan yildiz,,845654.0,2005-05-04,,Türkiye,FWD,21.10335386721424,75000000.0,45000000.0,,,,,,0,,,18.132998671500584,0.510825614877102,False,True,False,False,,,0.880248,1.4114976
predict,WC-2026,elliot junior anderson,,567576.0,2002-11-06,,England,MID,23.59479808350445,60000000.0,32000000.0,,,,,,0,,,17.909855120186375,0.6286086448390412,False,False,False,True,,,0.8694206,1.3855283
predict,WC-2026,lucas erik holger bergvall,,866246.0,2006-02-02,,Sweden,MID,20.35318275154004,40000000.0,38000000.0,,,,,,0,,,17.50439001207821,0.051293293071761135,False,False,False,True,,,0.8623436,1.3687055
predict,WC-2026,josko gvardiol,,475959.0,2002-01-23,,Croatia,DEF,24.380561259411362,70000000.0,75000000.0,,,,,,1,,,18.064005800013632,-0.06899287053457052,True,False,False,False,,,0.85626704,1.3543556
predict,WC-2026,ousmane diomande,,974982.0,2003-12-04,,Côte D'Ivoire,DEF,22.518822724161534,45000000.0,45000000.0,,,,,,0,,,17.622173047734595,0.0,True,False,False,False,,,0.8529753,1.3466184
predict,WC-2026,kerim alajbegovic,,929994.0,2007-09-21,,Bosnia And Herzegovina,FWD,18.72142368240931,8000000.0,,,,,,,0,,,15.89495209964411,0.0,False,True,False,False,,,0.84493107,1.3278174
predict,WC-2026,zion suzuki,,432298.0,2002-08-21,,Japan,GK,23.805612594113622,20000000.0,14000000.0,,,,,,0,,,16.811242831518264,0.35667492251016225,False,False,True,False,,,0.84488934,1.3277202
predict,WC-2026,abdukodir khusanov,,763079.0,2004-02-29,,Uzbekistan,DEF,22.28062970568104,35000000.0,35000000.0,,,,,,0,,,17.37085861945369,0.0,True,False,False,False,,,0.8287054,1.2903516
predict,WC-2026,renato da palma veiga,,805714.0,2003-07-29,,Portugal,DEF,22.869267624914443,25000000.0,18000000.0,,,,,,0,,,17.034386382832476,0.3285040514164813,True,False,False,False,,,0.8258722,1.2838719
predict,WC-2026,warren marie jean pierre zaire emery,,810092.0,2006-03-08,,France,MID,20.26009582477755,50000000.0,55000000.0,,,,,,0,,,17.72753356339242,-0.09531017798614304,False,False,False,True,,,0.8240364,1.2796831
predict,WC-2026,ismael kenneth jordan kone,,921655.0,2002-06-16,,Canada,MID,23.98631074606434,14000000.0,9000000.0,,,,,,1,,,16.454567887579532,0.4418327125965032,False,False,False,True,,,0.8206647,1.2720096
predict,WC-2026,william alain andre gabriel saliba,,495666.0,2001-03-24,,France,DEF,25.215605749486652,90000000.0,80000000.0,,,,,,1,,,18.31532022829454,0.11778303426749465,True,False,False,False,,,0.81935114,1.269027
predict,WC-2026,ardon jashari,,608172.0,2002-07-30,,Switzerland,MID,23.865845311430526,32000000.0,25000000.0,,,,,,1,,,17.281246460764002,0.2468600691815261,False,False,False,True,,,0.80446213,1.2354939
predict,WC-2026,aleksandar pavlovic,,792380.0,2004-05-03,,Germany,MID,22.105407255304584,65000000.0,55000000.0,,,,,,0,,,17.98989782785991,0.16705408186596338,False,False,False,True,,,0.79544306,1.2154224
predict,WC-2026,nestory irankunda,,956920.0,2006-02-09,,Australia,FWD,20.334017796030118,6000000.0,4000000.0,,,,,,0,,,15.60727002719233,0.40546502477484836,False,True,False,False,,,0.7935876,1.2113156
predict,WC-2026,desire nonka maho doue,,914562.0,2005-06-03,,France,FWD,21.021218343600275,90000000.0,90000000.0,,,,,,0,,,18.31532022829454,0.0,False,True,False,False,,,0.7865665,1.1958439
predict,WC-2026,malo arthur gusto,,620322.0,2003-05-19,,France,DEF,23.06365503080082,35000000.0,35000000.0,,,,,,0,,,17.37085861945369,0.0,True,False,False,False,,,0.78251576,1.1869671
predict,WC-2026,daniel jonathan svensson,,579287.0,2002-02-12,,Sweden,DEF,24.32580424366872,22000000.0,12000000.0,,,,,,0,,,16.90655301132259,0.60613576569153,True,False,False,False,,,0.78022283,1.1819584
predict,WC-2026,antonio eromonsele nordby nusa,,894914.0,2005-04-17,,Norway,FWD,21.149897330595483,32000000.0,28000000.0,,,,,,0,,,17.281246460764002,0.13353138816023707,False,True,False,False,,,0.77454513,1.169605
predict,WC-2026,lamine camara,,918969.0,2004-01-01,,Senegal,MID,22.442162902121833,30000000.0,22000000.0,,,,,,0,,,17.216707939626428,0.31015491618262797,False,False,False,True,,,0.760761,1.139904
predict,WC-2026,sergino gianni dest,,361104.0,2000-11-03,,USA,DEF,25.60164271047228,18000000.0,16000000.0,,,,,,1,,,16.70588231586044,0.1177830287119394,True,False,False,False,,,0.7424312,1.1010375
predict,WC-2026,yasin ayari,,667287.0,2003-10-06,,Sweden,MID,22.680355920602327,30000000.0,22000000.0,,,,,,0,,,17.216707939626428,0.31015491618262797,False,False,False,True,,,0.7392121,1.0942848
predict,WC-2026,kento shiogai,,1144627.0,2005-03-26,,Japan,FWD,21.21013004791239,2500000.0,850000.0,,,,,,0,,,14.73180128983843,1.0788088849019537,False,True,False,False,,,0.73759586,1.0909026
predict,WC-2026,luca antony jaquez,,539798.0,2003-06-02,,Switzerland,DEF,23.025325119780973,10000000.0,6000000.0,,,,,,0,,,16.11809565095832,0.5108255570993329,True,False,False,False,,,0.7366919,1.0890133
predict,WC-2026,carney chibueze chukwuemeka,,659459.0,2003-10-20,,Austria,MID,22.642026009582477,25000000.0,18000000.0,,,,,,0,,,17.034386382832476,0.3285040514164813,False,False,False,True,,,0.73189735,1.0790215
predict,WC-2026,esmir bajraktarevic,,925862.0,2005-03-10,,Bosnia And Herzegovina,FWD,21.253935660506503,5000000.0,3000000.0,,,,,,0,,,15.424948470398375,0.5108254904326929,False,True,False,False,,,0.7318231,1.0788672
predict,WC-2026,nico cedric schlotterbeck,,388198.0,1999-12-01,,Germany,DEF,26.527036276522928,55000000.0,40000000.0,,,,,,1,,,17.822843743196746,0.318453724300353,True,False,False,False,,,0.72549254,1.0657482
predict,WC-2026,nick woltemade,,455661.0,2002-02-14,,Germany,FWD,24.320328542094455,70000000.0,30000000.0,,,,,,0,,,18.064005800013632,0.847297841339585,False,True,False,False,,,0.72061366,1.0556943
predict,WC-2026,rayan ait nouri,,578391.0,2001-06-06,,Algeria,DEF,25.013004791238878,40000000.0,35000000.0,,,,,,0,,,17.50439001207821,0.13353138905309425,True,False,False,False,,,0.7081042,1.030139
predict,WC-2026,lukas hornicek,,629773.0,2002-07-13,,Czechia,GK,23.912388774811774,10000000.0,6000000.0,,,,,,0,,,16.11809565095832,0.5108255570993329,False,False,True,False,,,0.7062735,1.0264256
predict,WC-2026,goncalo bernardo inacio,,549006.0,2001-08-25,,Portugal,DEF,24.79397672826831,45000000.0,45000000.0,,,,,,0,,,17.622173047734595,0.0,True,False,False,False,,,0.6909711,0.99565256
predict,WC-2026,yuito suzuki,,668606.0,2001-10-25,,Japan,MID,24.62696783025325,15000000.0,7000000.0,,,,,,0,,,16.523560759066484,0.7621399758564286,False,False,False,True,,,0.6728283,0.95977235
predict,WC-2026,reece lewis james,,472423.0,1999-12-08,,England,DEF,26.507871321013006,50000000.0,30000000.0,,,,,,0,,,17.72753356339242,0.5108256104326576,True,False,False,False,,,0.66493034,0.94435513
predict,WC-2026,antoine alpha mendy,,891998.0,2004-05-27,,Senegal,DEF,22.039698836413415,4000000.0,2500000.0,,,,,,0,,,15.201804919084164,0.47000347924578423,True,False,False,False,,,0.66025484,0.93528545
predict,WC-2026,tomas lemos araujo,,504087.0,2002-05-16,,Portugal,DEF,24.071184120465436,28000000.0,32000000.0,,,,,,0,,,17.14771506813948,-0.13353138816023705,True,False,False,False,,,0.658242,0.931394
predict,WC-2026,fares chaibi,,855015.0,2002-11-28,,Algeria,MID,23.534565366187543,15000000.0,9000000.0,,,,,,0,,,16.523560759066484,0.5108255793215501,False,False,False,True,,,0.6543499,0.9238914
predict,WC-2026,guela maho lewis doue,,711980.0,2002-10-17,,Côte D'Ivoire,DEF,23.64955509924709,18000000.0,18000000.0,,,,,,0,,,16.70588231586044,0.0,True,False,False,False,,,0.6522214,0.91980076
predict,WC-2026,alphonso boyle davies,,424204.0,2000-11-02,,Canada,DEF,25.60438056125941,50000000.0,50000000.0,,,,,,1,,,17.72753356339242,0.0,True,False,False,False,,,0.64997077,0.9154848
predict,WC-2026,anass salah eddine,,485584.0,2002-01-18,,Morocco,DEF,24.39425051334702,12000000.0,8000000.0,,,,,,0,,,16.300417207752275,0.405465066441502,True,False,False,False,,,0.64361376,0.90334666
predict,WC-2026,paul wanner,,900909.0,2005-12-23,,Austria,MID,20.465434633812457,14000000.0,18000000.0,,,,,,0,,,16.454567887579532,-0.25131441240789115,False,False,False,True,,,0.6370674,0.8909273
predict,WC-2026,maxim peter m de cuyper,,429915.0,2000-12-22,,Belgium,DEF,25.467488021902806,22000000.0,16000000.0,,,,,,0,,,16.90655301132259,0.31845371407308093,True,False,False,False,,,0.63402313,0.88517964
predict,WC-2026,jordan jacob bos,,855731.0,2002-10-29,,Australia,DEF,23.616700889801507,5000000.0,2700000.0,,,,,,0,,,15.424948470398375,0.6161859690534952,True,False,False,False,,,0.6311851,0.87983704
predict,WC-2026,pape matar sarr,,568693.0,2002-09-14,,Senegal,MID,23.73990417522245,35000000.0,32000000.0,,,,,,1,,,17.37085861945369,0.08961215601111581,False,False,False,True,,,0.6294783,0.87663126
predict,WC-2026,maxence guy lacroix,,434224.0,2000-04-06,,France,DEF,26.17932922655715,35000000.0,25000000.0,,,,,,0,,,17.37085861945369,0.33647222519264186,True,False,False,False,,,0.6251697,0.86856306
predict,WC-2026,diego manuel j da silva moreira,,655006.0,2004-08-06,,Belgium,MID,21.845311430527037,18000000.0,18000000.0,,,,,,0,,,16.70588231586044,0.0,False,False,False,True,,,0.62457764,0.86745703
predict,WC-2026,arthur nicolas r theate,,368891.0,2000-05-25,,Belgium,DEF,26.04517453798768,24000000.0,24000000.0,,,,,,1,,,16.99356438831222,0.0,True,False,False,False,,,0.6243116,0.8669604
predict,WC-2026,wilfried stephane singo,,648779.0,2000-12-25,,Côte D'Ivoire,DEF,25.45927446954141,28000000.0,25000000.0,,,,,,0,,,17.14771506813948,0.11332868102128901,True,False,False,False,,,0.62321866,0.864921
predict,WC-2026,fabian rieder,,507341.0,2002-02-16,,Switzerland,MID,24.314852840520192,8000000.0,6000000.0,,,,,,1,,,15.89495209964411,0.2876820307851204,False,False,False,True,,,0.615925,0.8513683
predict,WC-2026,wagner fabricio cardoso de pina,,1072017.0,2002-11-03,,Cabo Verde,DEF,23.603011635865844,7000000.0,5000000.0,,,,,,0,,,15.761420707019587,0.33647217947836555,True,False,False,False,,,0.61261815,0.8452562
predict,WC-2026,kobbie boateng mainoo,,820374.0,2005-04-19,,England,MID,21.144421629021217,40000000.0,50000000.0,,,,,,0,,,17.50439001207821,-0.22314354631420985,False,False,False,True,,,0.6090053,0.8386016
predict,WC-2026,diogo meireles da costa,,357153.0,1999-09-19,,Portugal,GK,26.72689938398357,40000000.0,40000000.0,,,,,,1,,,17.50439001207821,0.0,False,False,True,False,,,0.59235495,0.8082417
predict,WC-2026,chadi riad,,689637.0,2003-06-17,,Morocco,DEF,22.98425735797399,12000000.0,15000000.0,,,,,,0,,,16.300417207752275,-0.2231435346475443,True,False,False,False,,,0.58980936,0.80364454
predict,WC-2026,morgan elliot rogers,,503743.0,2002-07-26,,England,MID,23.876796714579054,70000000.0,55000000.0,,,,,,0,,,18.064005800013632,0.24116205292078433,False,False,False,True,,,0.5855454,0.7959703
predict,WC-2026,igor matanovic,,605268.0,2003-03-31,,Croatia,FWD,23.197809719370294,7000000.0,5000000.0,,,,,,0,,,15.761420707019587,0.33647217947836555,False,True,False,False,,,0.58187455,0.7893896
predict,WC-2026,dean bradley henderson,,258919.0,1997-03-12,,England,GK,29.248459958932237,28000000.0,20000000.0,,,,,,0,,,17.14771506813948,0.3364722223354992,False,False,True,False,,,0.5790746,0.7843864
predict,WC-2026,promise oluwatobi emmanuel david,,888785.0,2001-07-03,,Canada,FWD,24.93908281998631,13000000.0,6000000.0,,,,,,0,,,16.38045991542581,0.773189798489903,False,True,False,False,,,0.5759695,0.77885437
predict,WC-2026,michael akpovie olise,,566723.0,2001-12-12,,France,FWD,24.49555099247091,130000000.0,100000000.0,,,,,,0,,,18.683045008419857,0.26236426215979874,False,True,False,False,,,0.5752631,0.77759814
predict,WC-2026,giuliano simeone,,742201.0,2002-12-18,,Argentina,FWD,23.479808350444902,40000000.0,35000000.0,,,,,,0,,,17.50439001207821,0.13353138905309425,False,True,False,False,,,0.56936437,0.7671435
predict,WC-2026,andreas rdergard schjelderup,,670103.0,2004-06-01,,Norway,MID,22.026009582477755,14000000.0,15000000.0,,,,,,0,,,16.454567887579532,-0.06899286672504701,False,False,False,True,,,0.5601025,0.750852
predict,WC-2026,mohamed a toure,,742770.0,2004-03-26,,Australia,FWD,22.209445585215605,1700000.0,700000.0,,,,,,0,,,14.346138809026444,0.8873023546656158,False,True,False,False,,,0.5593887,0.7496027
predict,WC-2026,josip stanisic,,483046.0,2000-04-02,,Croatia,DEF,26.190280629705683,32000000.0,32000000.0,,,,,,1,,,17.281246460764002,0.0,True,False,False,False,,,0.5581623,0.7474582
predict,WC-2026,maximilian beier,,578392.0,2002-10-17,,Germany,FWD,23.64955509924709,30000000.0,25000000.0,,,,,,0,,,17.216707939626428,0.18232155012728826,False,True,False,False,,,0.55757415,0.74643075
predict,WC-2026,tyler grant bindon,,1007720.0,2005-01-27,,New Zealand,DEF,21.36892539356605,1500000.0,1000000.0,,,,,,0,,,14.22097566607244,0.4054647747751088,True,False,False,False,,,0.5555627,0.74292135
predict,WC-2026,logan evans costa,,484988.0,2001-04-01,,Cabo Verde,DEF,25.193702943189596,18000000.0,18000000.0,,,,,,0,,,16.70588231586044,0.0,True,False,False,False,,,0.55242294,0.73745763
predict,WC-2026,felix kalu nmecha,,406640.0,2000-10-10,,Germany,MID,25.66735112936345,45000000.0,28000000.0,,,,,,0,,,17.622173047734595,0.4744579661030527,False,False,False,True,,,0.54945046,0.73230076
predict,WC-2026,ladislav krejci,,345911.0,1999-04-20,,Czechia,DEF,27.143052703627653,22000000.0,12000000.0,,,,,,0,,,16.90655301132259,0.60613576569153,True,False,False,False,,,0.5447035,0.72409713
predict,WC-2026,gabriel johan gudmundsson,,362108.0,1999-04-29,,Sweden,DEF,27.11841204654346,15000000.0,7000000.0,,,,,,0,,,16.523560759066484,0.7621399758564286,True,False,False,False,,,0.538243,0.71299446
predict,WC-2026,prince kwabena adu,,734799.0,2003-09-23,,Ghana,FWD,22.715947980835043,3500000.0,2500000.0,,,,,,0,,,15.068273526459642,0.3364721223355378,False,True,False,False,,,0.5374152,0.71157706
predict,WC-2026,anthony david junior elanga,,583189.0,2002-04-27,,Sweden,FWD,24.123203285420946,50000000.0,42000000.0,,,,,,0,,,17.72753356339242,0.17435338333525394,False,True,False,False,,,0.5344887,0.7065754
predict,WC-2026,amad diallo,,536835.0,2002-07-11,,Côte D'Ivoire,FWD,23.917864476386036,50000000.0,45000000.0,,,,,,0,,,17.72753356339242,0.10536051343560414,False,True,False,False,,,0.5334259,0.7047627
predict,WC-2026,aurele florian amenda,,635645.0,2003-07-31,,Switzerland,DEF,22.863791923340177,6000000.0,7500000.0,,,,,,0,,,15.60727002719233,-0.2231435179808814,True,False,False,False,,,0.5330741,0.70416296
predict,WC-2026,jan paul van hecke,,576314.0,2000-06-08,,Netherlands,DEF,26.00684462696783,35000000.0,32000000.0,,,,,,0,,,17.37085861945369,0.08961215601111581,True,False,False,False,,,0.5254315,0.69118845
predict,WC-2026,bradley jean manuel essolisa a barcola,,708265.0,2002-09-02,,France,FWD,23.772758384668034,70000000.0,70000000.0,,,,,,0,,,18.064005800013632,0.0,False,True,False,False,,,0.5221596,0.68566406
predict,WC-2026,oscar bobb,,661207.0,2003-07-12,,Norway,MID,22.915811088295687,25000000.0,25000000.0,,,,,,0,,,17.034386382832476,0.0,False,False,False,True,,,0.52016526,0.6823057
predict,WC-2026,antoine serlom semenyo,,583255.0,2000-01-07,,Ghana,MID,26.425735797399042,65000000.0,40000000.0,,,,,,1,,,17.98989782785991,0.48550780616631645,False,False,False,True,,,0.51964843,0.6814364
predict,WC-2026,ismael seifallah gharbi,,810096.0,2004-04-10,,Tunisia,MID,22.168377823408623,7000000.0,7500000.0,,,,,,0,,,15.761420707019587,-0.06899286196314319,False,False,False,True,,,0.5056612,0.6580814
predict,WC-2026,matej kovar,,550829.0,2000-05-17,,Czechia,GK,26.067077344284737,7000000.0,5000000.0,,,,,,0,,,15.761420707019587,0.33647217947836555,False,False,True,False,,,0.50059104,0.649696
predict,WC-2026,robin hranac,,620217.0,2000-01-29,,Czechia,DEF,26.365503080082135,7000000.0,3500000.0,,,,,,0,,,15.761420707019587,0.693147037702833,True,False,False,False,,,0.49517667,0.6407881
predict,WC-2026,jeremy baffour doku,,486049.0,2002-05-27,,Belgium,FWD,24.041067761806982,65000000.0,50000000.0,,,,,,1,,,17.98989782785991,0.2623642598521066,False,True,False,False,,,0.4840697,0.6226647
predict,WC-2026,erik benjamin nygren,,475949.0,2001-07-08,,Sweden,MID,24.92539356605065,6500000.0,3000000.0,,,,,,0,,,15.687312734865866,0.7731897087463461,False,False,False,True,,,0.4806071,0.6170558
predict,WC-2026,dan ndoye,,365108.0,2000-10-25,,Switzerland,FWD,25.626283367556468,40000000.0,25000000.0,,,,,,0,,,17.50439001207821,0.47000361424573606,False,True,False,False,,,0.48045492,0.6168097
predict,WC-2026,ricardo daniel pepi,,627207.0,2003-01-09,,USA,FWD,23.419575633127995,15000000.0,16000000.0,,,,,,0,,,16.523560759066484,-0.06453851697090476,False,True,False,False,,,0.47203892,0.6032598
predict,WC-2026,francisco fernandes da conceicao,,487474.0,2002-12-14,,Portugal,FWD,23.49075975359343,30000000.0,36000000.0,,,,,,0,,,17.216707939626428,-0.18232155123839924,False,True,False,False,,,0.46746457,0.5959426
predict,WC-2026,nidal celik,,819566.0,2006-07-17,,Bosnia And Herzegovina,DEF,19.901437371663246,1000000.0,1800000.0,,,,,,0,,,13.815510557964274,-0.5877862204580203,True,False,False,False,,,0.45829976,0.581383
predict,WC-2026,giovanni alejandro reyna,,504215.0,2002-11-13,,USA,MID,23.575633127994525,6000000.0,7000000.0,,,,,,1,,,15.60727002719233,-0.1541506560177382,False,False,False,True,,,0.4338367,0.5431669
predict,WC-2026,abbosbek fayzullaev,,754037.0,2003-10-03,,Uzbekistan,MID,22.688569472963724,7000000.0,8000000.0,,,,,,0,,,15.761420707019587,-0.13353137476738214,False,False,False,True,,,0.4326105,0.54127574
predict,WC-2026,benjamin tahirovic,,787907.0,2003-03-03,,Bosnia And Herzegovina,MID,23.274469541409992,4500000.0,3500000.0,,,,,,0,,,15.319587954740548,0.25131436478885877,False,False,False,True,,,0.4295177,0.5365163
predict,WC-2026,ryan jiro gravenberch,,478573.0,2002-05-16,,Netherlands,MID,24.071184120465436,90000000.0,75000000.0,,,,,,0,,,18.31532022829454,0.18232155457173235,False,False,False,True,,,0.4292078,0.5360402
predict,WC-2026,folarin jolaoluwa balogun,,503770.0,2001-07-03,,USA,FWD,24.93908281998631,22000000.0,18000000.0,,,,,,0,,,16.90655301132259,0.20067068536114152,False,True,False,False,,,0.425398,0.5301993
predict,WC-2026,malik leon tillman,,467437.0,2002-05-28,,USA,MID,24.03832991101985,35000000.0,32000000.0,,,,,,0,,,17.37085861945369,0.08961215601111581,False,False,False,True,,,0.4227422,0.5261408
predict,WC-2026,iliman cheikh baroy ndiaye,,623570.0,2000-03-06,,Senegal,FWD,26.26420260095825,45000000.0,22000000.0,,,,,,1,,,17.622173047734595,0.7156200131796815,False,True,False,False,,,0.42074466,0.52309537
predict,WC-2026,gustaf johan lagerbielke,,485395.0,2000-04-10,,Sweden,DEF,26.168377823408623,5000000.0,3000000.0,,,,,,0,,,15.424948470398375,0.5108254904326929,True,False,False,False,,,0.42048466,0.52269936
predict,WC-2026,evann ludovic vidjannagni guessand,,500689.0,2001-07-01,,Côte D'Ivoire,FWD,24.944558521560573,28000000.0,25000000.0,,,,,,0,,,17.14771506813948,0.11332868102128901,False,True,False,False,,,0.41740978,0.51802444
predict,WC-2026,dominik kotarski,,370997.0,2000-02-10,,Croatia,GK,26.33264887063655,6000000.0,9000000.0,,,,,,0,,,15.60727002719233,-0.4054650525526165,False,False,True,False,,,0.4120046,0.5098413
predict,WC-2026,crysencio jilbert sylverio cir summerville,,474701.0,2001-10-30,,Netherlands,FWD,24.61327857631759,22000000.0,22000000.0,,,,,,0,,,16.90655301132259,0.0,False,True,False,False,,,0.40775323,0.5034361
predict,WC-2026,oumar diakite,,847279.0,2003-12-20,,Côte D'Ivoire,FWD,22.47501711156742,5000000.0,6000000.0,,,,,,0,,,15.424948470398375,-0.18232152346062744,False,True,False,False,,,0.4058578,0.50058913
predict,WC-2026,marvin elom senaya,,830890.0,2001-01-28,,Ghana,DEF,25.366187542778917,3000000.0,1800000.0,,,,,,0,,,14.914122846632385,0.5108254015438671,True,False,False,False,,,0.403916,0.49767816
predict,WC-2026,brian ebenezer adjei brobbey,,473169.0,2002-02-01,,Netherlands,FWD,24.355920602327174,20000000.0,22000000.0,,,,,,0,,,16.811242831518264,-0.09531017525887056,False,True,False,False,,,0.4011793,0.49358505
predict,WC-2026,wilson isidor,,494237.0,2000-08-27,,Haiti,FWD,25.78781656399726,18000000.0,12000000.0,,,,,,0,,,16.70588231586044,0.4054650803303885,False,True,False,False,,,0.40110427,0.49347296
predict,WC-2026,ugurcan cakir,,292199.0,1996-04-05,,Türkiye,GK,30.182067077344286,15000000.0,8000000.0,,,,,,0,,,16.523560759066484,0.6286086010890464,False,False,True,False,,,0.3893401,0.47600645
predict,WC-2026,adam hlozek,,552057.0,2002-07-25,,Czechia,FWD,23.87953456536619,15000000.0,18000000.0,,,,,,0,,,16.523560759066484,-0.1823215456828442,False,True,False,False,,,0.3832221,0.46700382
predict,WC-2026,altay bayindir,,336077.0,1998-04-14,,Türkiye,GK,28.15879534565366,7000000.0,8000000.0,,,,,,0,,,15.761420707019587,-0.13353137476738214,False,False,True,False,,,0.3802809,0.46269542
predict,WC-2026,nathan kenneth patterson,,424015.0,2001-10-16,,Scotland,DEF,24.65160848733744,10000000.0,15000000.0,,,,,,0,,,16.11809565095832,-0.4054650747748339,True,False,False,False,,,0.3698151,0.447467
predict,WC-2026,jamie jaleel jeremy leweling,,518505.0,2001-02-26,,Germany,MID,25.286789869952088,25000000.0,20000000.0,,,,,,0,,,17.034386382832476,0.22314354131421013,False,False,False,True,,,0.36563325,0.44142652
predict,WC-2026,ismail joshua jakobs,,375137.0,1999-08-17,,Senegal,DEF,26.817248459958932,6000000.0,7000000.0,,,,,,1,,,15.60727002719233,-0.1541506560177382,True,False,False,False,,,0.3475486,0.41559315
predict,WC-2026,patrick wimmer,,533295.0,2001-05-30,,Austria,FWD,25.032169746748803,15000000.0,15000000.0,,,,,,0,,,16.523560759066484,0.0,False,True,False,False,,,0.34646964,0.41406658
predict,WC-2026,jrgen strand larsen,,429983.0,2000-02-06,,Norway,FWD,26.34360027378508,40000000.0,30000000.0,,,,,,0,,,17.50439001207821,0.2876820641184478,False,True,False,False,,,0.34561378,0.41285682
predict,WC-2026,kaishu sano,,643574.0,2000-12-30,,Japan,MID,25.44558521560575,25000000.0,20000000.0,,,,,,0,,,17.034386382832476,0.22314354131421013,False,False,False,True,,,0.34055495,0.40572748
predict,WC-2026,george david eric hirst,,420808.0,1999-02-15,,Scotland,FWD,27.318275154004105,8000000.0,4000000.0,,,,,,0,,,15.89495209964411,0.6931470555599688,False,True,False,False,,,0.33967045,0.40448466
predict,WC-2026,simon adingra,,658536.0,2002-01-01,,Côte D'Ivoire,FWD,24.44079397672827,22000000.0,28000000.0,,,,,,0,,,16.90655301132259,-0.24116204707662872,False,True,False,False,,,0.33640054,0.3998996
predict,WC-2026,parfait guiagon,,624913.0,2001-02-22,,Côte D'Ivoire,MID,25.297741273100616,4000000.0,2000000.0,,,,,,0,,,15.201804919084164,0.6931469305600391,False,False,False,True,,,0.3348118,0.39767736
predict,WC-2026,mats henrik berne wieffer,,415381.0,1999-11-16,,Netherlands,DEF,26.56810403832991,25000000.0,25000000.0,,,,,,0,,,17.034386382832476,0.0,True,False,False,False,,,0.3314728,0.39301828
predict,WC-2026,oguz aydin,,563749.0,2000-10-27,,Türkiye,FWD,25.620807665982205,10000000.0,8000000.0,,,,,,0,,,16.11809565095832,0.22314352631421253,False,True,False,False,,,0.330652,0.3918753
predict,WC-2026,anthony michael gordon,,503733.0,2001-02-24,,England,FWD,25.29226557152635,60000000.0,65000000.0,,,,,,0,,,17.909855120186375,-0.08004270639148514,False,True,False,False,,,0.32781434,0.3879313
predict,WC-2026,alidu seidu,,798404.0,2000-06-04,,Ghana,DEF,26.017796030116358,6000000.0,9000000.0,,,,,,1,,,15.60727002719233,-0.4054650525526165,True,False,False,False,,,0.3276732,0.3877354
predict,WC-2026,harry james souttar,,298091.0,1998-10-22,,Australia,DEF,27.63586584531143,6000000.0,6000000.0,,,,,,1,,,15.60727002719233,0.0,True,False,False,False,,,0.3267203,0.38641363
predict,WC-2026,juan jose caceres,,756494.0,2000-06-01,,Paraguay,DEF,26.026009582477755,4000000.0,3500000.0,,,,,,0,,,15.201804919084164,0.1335313569102465,True,False,False,False,,,0.321508,0.37920603
predict,WC-2026,erling braut haaland,,418560.0,2000-07-21,,Norway,FWD,25.88911704312115,200000000.0,180000000.0,,,,,,0,,,19.11382792451231,0.10536051510227075,False,True,False,False,,,0.32050073,0.37781748
predict,WC-2026,pedro lomba neto,,487465.0,2000-03-09,,Portugal,FWD,26.255989048596852,60000000.0,50000000.0,,,,,,0,,,17.909855120186375,0.18232155346062134,False,True,False,False,,,0.31749523,0.3736827
predict,WC-2026,leo skiri stigard,,367284.0,1999-11-28,,Norway,DEF,26.535249828884325,10000000.0,10000000.0,,,,,,0,,,16.11809565095832,0.0,True,False,False,False,,,0.30941054,0.3626217
predict,WC-2026,jamal musiala,,580195.0,2003-02-26,,Germany,MID,23.288158795345655,130000000.0,140000000.0,,,,,,1,,,18.683045008419857,-0.07410797160427128,False,False,False,True,,,0.30770683,0.36030212
predict,WC-2026,alexander nubel,,195778.0,1996-09-30,,Germany,GK,29.694729637234772,12000000.0,12000000.0,,,,,,0,,,16.300417207752275,0.0,False,False,True,False,,,0.30301416,0.35393363
predict,WC-2026,krepin diatta,,490426.0,1999-02-25,,Senegal,DEF,27.290896646132786,6000000.0,7000000.0,,,,,,1,,,15.60727002719233,-0.1541506560177382,True,False,False,False,,,0.30121225,0.35149616
predict,WC-2026,jude victor william bellingham,,581678.0,2003-06-29,,England,MID,22.951403148528406,160000000.0,180000000.0,,,,,,1,,,18.890684373198102,-0.11778303496193901,False,False,False,True,,,0.30050772,0.35054433
predict,WC-2026,zidane aamar iqbal iqbal,,686845.0,2003-04-27,,Iraq,MID,23.123887748117728,3000000.0,4000000.0,,,,,,0,,,14.914122846632385,-0.28768198911847187,False,False,False,True,,,0.29512405,0.34329298
predict,WC-2026,marko seufatu nikola stamenic,,617018.0,2002-02-19,,New Zealand,MID,24.306639288158795,3000000.0,3000000.0,,,,,,0,,,14.914122846632385,0.0,False,False,False,True,,,0.28744495,0.33301723
predict,WC-2026,takefusa kubo,,405398.0,2001-06-04,,Japan,MID,25.018480492813143,30000000.0,30000000.0,,,,,,1,,,17.216707939626428,0.0,False,False,False,True,,,0.28552133,0.33045545
predict,WC-2026,alban marc lafont,,357117.0,1999-01-23,,Côte D'Ivoire,GK,27.381245722108144,3000000.0,3000000.0,,,,,,0,,,14.914122846632385,0.0,False,False,True,False,,,0.28313428,0.32728338
predict,WC-2026,ismael saibari,,702869.0,2001-01-28,,Morocco,MID,25.366187542778917,32000000.0,27000000.0,,,,,,0,,,17.281246460764002,0.16989903100836062,False,False,False,True,,,0.2823218,0.32620543
predict,WC-2026,ozan muhammed kabak,,361260.0,2000-03-25,,Türkiye,DEF,26.21218343600274,5000000.0,5000000.0,,,,,,0,,,15.424948470398375,0.0,True,False,False,False,,,0.2800207,0.32315722
predict,WC-2026,augustine boakye,,579263.0,2000-11-03,,Ghana,MID,25.60164271047228,4000000.0,2500000.0,,,,,,0,,,15.201804919084164,0.47000347924578423,False,False,False,True,,,0.2799766,0.32309887
predict,WC-2026,liberato gianpaolo cacace,,469211.0,2000-09-27,,New Zealand,DEF,25.702943189596166,3000000.0,3000000.0,,,,,,0,,,14.914122846632385,0.0,True,False,False,False,,,0.27736515,0.31964815
predict,WC-2026,marcus holmgren pedersen,,583404.0,2000-07-16,,Norway,DEF,25.90280629705681,3500000.0,3500000.0,,,,,,0,,,15.068273526459642,0.0,True,False,False,False,,,0.2740646,0.31529978
predict,WC-2026,bukayo ayoyinka saka,,433177.0,2001-09-05,,England,FWD,24.763860369609855,130000000.0,150000000.0,,,,,,1,,,18.683045008419857,-0.1431008426150323,False,True,False,False,,,0.27240705,0.31312138
predict,WC-2026,david jurasek,,500054.0,2000-08-07,,Czechia,DEF,25.842573579739906,4500000.0,5000000.0,,,,,,0,,,15.319587954740548,-0.10536049343560876,True,False,False,False,,,0.27154025,0.31198367
predict,WC-2026,mohamed kone,,911985.0,2002-03-07,,Côte D'Ivoire,GK,24.262833675564682,800000.0,1700000.0,,,,,,0,,,13.592367006650065,-0.7537711406122826,False,False,True,False,,,0.25840974,0.29486927
predict,WC-2026,josip sutalo,,371001.0,2000-02-28,,Croatia,DEF,26.28336755646817,17000000.0,24000000.0,,,,,,1,,,16.64872390202049,-0.34484046913486766,True,False,False,False,,,0.2568996,0.2929153
predict,WC-2026,nicolas jackson,,776890.0,2001-06-20,,Senegal,FWD,24.974674880219027,45000000.0,50000000.0,,,,,,1,,,17.622173047734595,-0.10536051343560413,False,True,False,False,,,0.25359184,0.2886457
predict,WC-2026,luka sucic,,502722.0,2002-09-08,,Croatia,MID,23.756331279945243,10000000.0,15000000.0,,,,,,1,,,16.11809565095832,-0.4054650747748339,False,False,False,True,,,0.2509629,0.28526244
predict,WC-2026,callum william mccowatt,,400797.0,1999-04-30,,New Zealand,MID,27.11567419575633,2000000.0,800000.0,,,,,,0,,,14.508657738524219,0.9162899818748114,False,False,False,True,,,0.2444428,0.27690965
predict,WC-2026,maghnes akliouche,,745200.0,2002-02-25,,France,MID,24.290212183436,45000000.0,45000000.0,,,,,,0,,,17.622173047734595,0.0,False,False,False,True,,,0.23872627,0.26963094
predict,WC-2026,gregor kobel,,257814.0,1997-12-06,,Switzerland,GK,28.511978097193705,40000000.0,40000000.0,,,,,,1,,,17.50439001207821,0.0,False,False,True,False,,,0.23724836,0.26775596
predict,WC-2026,alexander prass,,434116.0,2001-05-26,,Austria,MID,25.04312114989733,5000000.0,5000000.0,,,,,,0,,,15.424948470398375,0.0,False,False,False,True,,,0.22795266,0.25602588
predict,WC-2026,telmo emanuel gomes arcanjo,,791528.0,2001-06-21,,Cabo Verde,MID,24.971937029431896,3000000.0,3000000.0,,,,,,0,,,14.914122846632385,0.0,False,False,False,True,,,0.2276672,0.25566736
predict,WC-2026,francisco antonio machado mota de castro trincao,,412669.0,1999-12-29,,Portugal,FWD,26.45037645448323,35000000.0,35000000.0,,,,,,0,,,17.37085861945369,0.0,False,True,False,False,,,0.22512092,0.25247416
predict,WC-2026,azz eddine ounahi,,593482.0,2000-04-19,,Morocco,MID,26.143737166324435,10000000.0,10000000.0,,,,,,1,,,16.11809565095832,0.0,False,False,False,True,,,0.22369243,0.25068626
predict,WC-2026,goncalo matias ramos,,550550.0,2001-06-20,,Portugal,FWD,24.974674880219027,35000000.0,40000000.0,,,,,,1,,,17.37085861945369,-0.13353138905309414,False,True,False,False,,,0.22234459,0.2490017
predict,WC-2026,hjalmar ekdal,,392179.0,1998-10-21,,Sweden,DEF,27.638603696098563,6000000.0,4500000.0,,,,,,0,,,15.60727002719233,0.2876820168962362,True,False,False,False,,,0.21862486,0.24436438
predict,WC-2026,nikola vasilj,,248454.0,1995-12-02,,Bosnia And Herzegovina,GK,30.524298425735797,4500000.0,3500000.0,,,,,,0,,,15.319587954740548,0.25131436478885877,False,False,True,False,,,0.2142755,0.23896392
predict,WC-2026,jeremy cornelis jacobus antonisse,,594273.0,2002-03-29,,Curaçao,FWD,24.202600958247775,800000.0,700000.0,,,,,,0,,,13.592367006650065,0.1335312140533333,False,True,False,False,,,0.20767204,0.23080944
predict,WC-2026,patrick pentz,,223972.0,1997-01-02,,Austria,GK,29.437371663244353,2200000.0,3000000.0,,,,,,0,,,14.603967918328545,-0.3101548070917661,False,False,True,False,,,0.20047738,0.22198598
predict,WC-2026,josue jeremie casimir,,763182.0,2001-09-24,,Haiti,FWD,24.711841204654345,3500000.0,4000000.0,,,,,,0,,,15.068273526459642,-0.1335313569102465,False,True,False,False,,,0.19592753,0.21643873
predict,WC-2026,zineddine belaid,,625142.0,1999-03-20,,Algeria,DEF,27.227926078028748,1200000.0,1000000.0,,,,,,0,,,13.997832114758229,0.18232139012744064,True,False,False,False,,,0.19185525,0.21149513
predict,WC-2026,egil selvik,,380744.0,1997-07-30,,Norway,GK,28.865160848733744,1300000.0,1500000.0,,,,,,0,,,14.077874822431765,-0.14310074107664436,False,False,True,False,,,0.18999478,0.2092433
predict,WC-2026,saud abdullah s abdulhamid,,631927.0,1999-07-18,,Saudi Arabia,DEF,26.899383983572896,3000000.0,4000000.0,,,,,,1,,,14.914122846632385,-0.28768198911847187,True,False,False,False,,,0.1889582,0.20799044
predict,WC-2026,gideon mensah,,397171.0,1998-07-18,,Ghana,DEF,27.89869952087611,3500000.0,4000000.0,,,,,,1,,,15.068273526459642,-0.1335313569102465,True,False,False,False,,,0.18171194,0.19926868
predict,WC-2026,noah arinzechukwu okafor,,346890.0,2000-05-24,,Switzerland,FWD,26.04791238877481,18000000.0,15000000.0,,,,,,1,,,16.70588231586044,0.18232154568284417,False,True,False,False,,,0.18007821,0.19731101
predict,WC-2026,helio sandro oliveira alves varela,,840836.0,2002-05-03,,Cabo Verde,MID,24.10677618069815,1200000.0,1500000.0,,,,,,0,,,13.997832114758229,-0.22314338464766803,False,False,False,True,,,0.17434523,0.19046648
predict,WC-2026,ruben fritzner providence,,536520.0,2001-07-07,,Haiti,FWD,24.928131416837783,300000.0,350000.0,,,,,,0,,,12.611537753638338,-0.15415020363825596,False,True,False,False,,,0.17088863,0.18635862
predict,WC-2026,alistair william johnston,,637446.0,1998-10-08,,Canada,DEF,27.67419575633128,8000000.0,10000000.0,,,,,,1,,,15.89495209964411,-0.22314352631421253,True,False,False,False,,,0.16985393,0.18513171
predict,WC-2026,enzo jeremias fernandez,,648195.0,2001-01-17,,Argentina,MID,25.39630390143737,85000000.0,75000000.0,,,,,,1,,,18.258161814454592,0.1251631413853786,False,False,False,True,,,0.16896424,0.18407778
predict,WC-2026,tyler shaan adams,,332705.0,1999-02-14,,USA,MID,27.32101300479124,25000000.0,18000000.0,,,,,,1,,,17.034386382832476,0.3285040514164813,False,False,False,True,,,0.16742507,0.1822567
predict,WC-2026,thiago ezequiel almada,,576028.0,2001-04-26,,Argentina,FWD,25.125256673511295,20000000.0,25000000.0,,,,,,1,,,16.811242831518264,-0.22314354131421016,False,True,False,False,,,0.1654478,0.17992136
predict,WC-2026,yukinari sugawara,,405385.0,2000-06-28,,Japan,DEF,25.95208761122519,7500000.0,11000000.0,,,,,,0,,,15.830413578506539,-0.38299220983186816,True,False,False,False,,,0.16481382,0.17917354
predict,WC-2026,timothy tarpeh weah,,370846.0,2000-02-22,,USA,FWD,26.299794661190965,20000000.0,17000000.0,,,,,,1,,,16.811242831518264,0.1625189206742459,False,True,False,False,,,0.16383508,0.17802003
predict,WC-2026,anthony ralston,,388171.0,1998-11-16,,Scotland,DEF,27.567419575633128,1500000.0,1500000.0,,,,,,0,,,14.22097566607244,0.0,True,False,False,False,,,0.16237666,0.17630322
predict,WC-2026,alexander isak,,349066.0,1999-09-21,,Sweden,FWD,26.72142368240931,120000000.0,120000000.0,,,,,,0,,,18.60300230074632,0.0,False,True,False,False,,,0.15810265,0.1712864
predict,WC-2026,martin erlic,,357003.0,1998-01-24,,Croatia,DEF,28.37782340862423,4000000.0,5000000.0,,,,,,1,,,15.201804919084164,-0.22314350131422098,True,False,False,False,,,0.15198995,0.16414854
predict,WC-2026,armando maria obispo,,339337.0,1999-03-05,,Curaçao,DEF,27.26899383983573,3000000.0,3000000.0,,,,,,0,,,14.914122846632385,0.0,True,False,False,False,,,0.14926206,0.16097717
predict,WC-2026,liam patrick kelly,,208772.0,1996-01-23,,Scotland,GK,30.38193018480493,800000.0,800000.0,,,,,,0,,,13.592367006650065,0.0,False,False,True,False,,,0.14816785,0.15970753
predict,WC-2026,derek austin cornelius,,328609.0,1997-11-25,,Canada,DEF,28.542094455852155,4000000.0,5000000.0,,,,,,1,,,15.201804919084164,-0.22314350131422098,True,False,False,False,,,0.14201999,0.15259969
predict,WC-2026,sherel constancio floranus,,315211.0,1998-08-23,,Curaçao,DEF,27.800136892539356,800000.0,850000.0,,,,,,0,,,13.592367006650065,-0.06062454828711233,True,False,False,False,,,0.14027824,0.15059389
predict,WC-2026,kevin antonio felida,,433933.0,1999-11-11,,Curaçao,MID,26.581793292265573,350000.0,200000.0,,,,,,0,,,12.765688433465597,0.5596136450866981,False,False,False,True,,,0.1329692,0.14221482
predict,WC-2026,paul david izzo,,181921.0,1995-01-06,,Australia,GK,31.42778918548939,600000.0,500000.0,,,,,,0,,,13.304684934198283,0.1823212234612324,False,False,True,False,,,0.12534258,0.13353671
predict,WC-2026,eray ervin comert,,298583.0,1998-02-04,,Switzerland,DEF,28.347707049965777,2000000.0,2000000.0,,,,,,1,,,14.508657738524219,0.0,True,False,False,False,,,0.11683194,0.12393053
predict,WC-2026,alexander olof bernhardsson,,633454.0,1998-09-08,,Sweden,DEF,27.756331279945243,3000000.0,3000000.0,,,,,,0,,,14.914122846632385,0.0,True,False,False,False,,,0.116721146,0.123806015
predict,WC-2026,roshon felix romar jordan van eijma,,401029.0,1998-06-09,,Curaçao,DEF,28.005475701574266,375000.0,450000.0,,,,,,0,,,12.834681304952548,-0.18232111235059664,True,False,False,False,,,0.11595352,0.12294368
predict,WC-2026,keito nakamura,,405397.0,2000-07-28,,Japan,MID,25.869952087611225,8000000.0,8000000.0,,,,,,0,,,15.89495209964411,0.0,False,False,False,True,,,0.101793304,0.1071546
predict,WC-2026,nikola moro,,316934.0,1998-03-12,,Croatia,MID,28.249144421629023,6500000.0,5000000.0,,,,,,0,,,15.687312734865866,0.26236421831365303,False,False,False,True,,,0.08714554,0.091055445
predict,WC-2026,gonzalo ariel montiel,,402733.0,1997-01-01,,Argentina,DEF,29.440109514031484,4500000.0,5000000.0,,,,,,1,,,15.319587954740548,-0.10536049343560876,True,False,False,False,,,0.085834295,0.08962576
predict,WC-2026,godfried roemeratoe,,393241.0,1999-08-19,,Curaçao,MID,26.811772758384667,400000.0,500000.0,,,,,,0,,,12.89921982609012,-0.2231430513153347,False,False,False,True,,,0.07713145,0.08018406
predict,WC-2026,mert muldur,,353922.0,1999-04-03,,Türkiye,DEF,27.189596167008897,5000000.0,6000000.0,,,,,,0,,,15.424948470398375,-0.18232152346062744,True,False,False,False,,,0.06790957,0.07026852
predict,WC-2026,donyell malen,,326029.0,1999-01-19,,Netherlands,FWD,27.392197125256672,25000000.0,25000000.0,,,,,,0,,,17.034386382832476,0.0,False,True,False,False,,,0.067081615,0.06938275
predict,WC-2026,julian alvarez,,576024.0,2000-01-31,,Argentina,FWD,26.360027378507873,100000000.0,100000000.0,,,,,,1,,,18.420680743952367,0.0,False,True,False,False,,,0.06447984,0.06660408
predict,WC-2026,laros michael d encarnacao duarte,,258513.0,1997-02-28,,Cabo Verde,MID,29.281314168377822,1000000.0,900000.0,,,,,,0,,,13.815510557964274,0.10536040454683256,False,False,False,True,,,0.057121277,0.058784205
predict,WC-2026,noa noell lang,,339332.0,1999-06-17,,Netherlands,FWD,26.98425735797399,25000000.0,25000000.0,,,,,,1,,,17.034386382832476,0.0,False,True,False,False,,,0.056849886,0.0584969
predict,WC-2026,silvan dominic widmer,,168989.0,1993-03-05,,Switzerland,DEF,33.267624914442166,800000.0,1200000.0,,,,,,1,,,13.592367006650065,-0.4054646914419318,True,False,False,False,,,0.0548687,0.056401905
predict,WC-2026,angelo nicolas stiller,,443710.0,2001-04-04,,Germany,MID,25.1854893908282,45000000.0,45000000.0,,,,,,0,,,17.622173047734595,0.0,False,False,False,True,,,0.05210419,0.053485498
predict,WC-2026,florian richard wirtz,,598577.0,2003-05-03,,Germany,MID,23.107460643394933,110000000.0,140000000.0,,,,,,0,,,18.51599092375669,-0.24116205486883607,False,False,False,True,,,0.03835371,0.03909871
predict,WC-2026,kristijan jakic,,374954.0,1997-05-14,,Croatia,DEF,29.075975359342916,6000000.0,6500000.0,,,,,,1,,,15.60727002719233,-0.08004269485302568,True,False,False,False,,,0.03480702,0.035419874
predict,WC-2026,amadou ba z mvom onana,,485706.0,2001-08-16,,Belgium,MID,24.8186173853525,42000000.0,50000000.0,,,,,,1,,,17.553180176247643,-0.17435338333525408,False,False,False,True,,,0.027118325,0.027489375
predict,WC-2026,jovane eduardo borges cabral,,448466.0,1998-06-14,,Cabo Verde,MID,27.991786447638603,800000.0,1000000.0,,,,,,0,,,13.592367006650065,-0.22314330131449103,False,False,False,True,,,0.027021758,0.027390156
predict,WC-2026,hiroki ito,,353892.0,1999-05-12,,Japan,DEF,27.082819986310746,18000000.0,25000000.0,,,,,,1,,,16.70588231586044,-0.3285040514164812,True,False,False,False,,,0.025181606,0.025501342
predict,WC-2026,dylan buduka batubinsika,,289432.0,1996-02-15,,Congo DR,DEF,30.31895961670089,700000.0,1200000.0,,,,,,0,,,13.458835614025542,-0.5389959054952649,True,False,False,False,,,0.020602077,0.020815765
predict,WC-2026,ehsan haji safi,,77547.0,1990-02-25,,IR Iran,DEF,36.290212183436005,275000.0,300000.0,,,,,,3,,,12.524526376648708,-0.0870110739603828,True,False,False,False,,,0.013511151,0.013602839
predict,WC-2026,omar khaled mohamed abdelsalam marmoush,,445939.0,1999-02-07,,Egypt,FWD,27.340177960301162,65000000.0,75000000.0,,,,,,0,,,17.98989782785991,-0.14310084158939132,False,True,False,False,,,0.011062175,0.011123587
predict,WC-2026,cyle christopher larin,,343463.0,1995-04-17,,Canada,FWD,31.15126625598905,3500000.0,3500000.0,,,,,,1,,,15.068273526459642,0.0,False,True,False,False,,,0.008820355,0.008859369
predict,WC-2026,eloy victor room,,79294.0,1989-02-06,,Curaçao,GK,37.34154688569473,200000.0,250000.0,,,,,,0,,,12.206072645530174,-0.2231425513187098,False,False,True,False,,,0.006587684,0.006609431
predict,WC-2026,shogo taniguchi,,307870.0,1991-07-15,,Japan,DEF,34.90759753593429,800000.0,1200000.0,,,,,,1,,,13.592367006650065,-0.4054646914419318,True,False,False,False,,,0.0028931126,0.002897302
predict,WC-2026,florian grillitsch,,195736.0,1995-08-07,,Austria,MID,30.844626967830255,2000000.0,2000000.0,,,,,,0,,,14.508657738524219,0.0,False,False,False,True,,,-0.002361536,-0.0023643267
predict,WC-2026,otabek shukurov,,294525.0,1996-06-22,,Uzbekistan,MID,29.968514715947983,1600000.0,1800000.0,,,,,,0,,,14.28551418721001,-0.11778296621197995,False,False,False,True,,,-0.0060644895,-0.0060829157
predict,WC-2026,jonathan christian david,,533738.0,2000-01-14,,Canada,FWD,26.406570841889117,35000000.0,45000000.0,,,,,,1,,,17.37085861945369,-0.2513144219316999,False,True,False,False,,,-0.0073121935,-0.0073389923
predict,WC-2026,facundo axel medina,,474800.0,1999-05-28,,Argentina,DEF,27.039014373716633,20000000.0,25000000.0,,,,,,0,,,16.811242831518264,-0.22314354131421016,True,False,False,False,,,-0.008742459,-0.008780787
predict,WC-2026,koki ogawa,,351567.0,1997-08-08,,Japan,FWD,28.840520191649556,2500000.0,2500000.0,,,,,,0,,,14.73180128983843,0.0,False,True,False,False,,,-0.01062721,-0.010683879
predict,WC-2026,vladimir darida,,179643.0,1990-08-08,,Czechia,MID,35.841204654346335,400000.0,500000.0,,,,,,0,,,12.89921982609012,-0.2231430513153347,False,False,False,True,,,-0.017343506,-0.017494777
predict,WC-2026,jesper kewe karlstrom,,222855.0,1995-06-21,,Sweden,MID,30.973305954825463,4000000.0,3500000.0,,,,,,0,,,15.201804919084164,0.1335313569102465,False,False,False,True,,,-0.029451862,-0.029889856
predict,WC-2026,daizen maeda,,420931.0,1997-10-20,,Japan,MID,28.640657084188913,14000000.0,11000000.0,,,,,,1,,,16.454567887579532,0.24116203733637012,False,False,False,True,,,-0.03480999,-0.035422947
predict,WC-2026,romano schmid,,346853.0,2000-01-27,,Austria,MID,26.3709787816564,17000000.0,17000000.0,,,,,,0,,,16.64872390202049,0.0,False,False,False,True,,,-0.038697094,-0.039455578
predict,WC-2026,michal sadilek,,321204.0,1999-05-31,,Czechia,MID,27.030800821355236,7500000.0,8000000.0,,,,,,0,,,15.830413578506539,-0.06453851280423896,False,False,False,True,,,-0.04253365,-0.04345117
predict,WC-2026,salih ozcan,,244940.0,1998-01-11,,Türkiye,MID,28.413415468856947,3500000.0,4000000.0,,,,,,0,,,15.068273526459642,-0.1335313569102465,False,False,False,True,,,-0.043616638,-0.044581823
predict,WC-2026,samuel alain moutoussamy,,353403.0,1996-08-12,,Congo DR,MID,29.828884325804243,1200000.0,2000000.0,,,,,,0,,,13.997832114758229,-0.5108252904328796,False,False,False,True,,,-0.046720907,-0.047829524
predict,WC-2026,craig sinclair gordon,,12589.0,1982-12-31,,Scotland,GK,43.44421629021218,50000.0,100000.0,,,,,,0,,,10.819778284410283,-0.693137180709943,False,False,True,False,,,-0.052860886,-0.054282967
predict,WC-2026,guus berend til,,372267.0,1997-12-22,,Netherlands,MID,28.468172484599588,15000000.0,12000000.0,,,,,,0,,,16.523560759066484,0.2231435346475444,False,False,False,True,,,-0.05689092,-0.058540337
predict,WC-2026,rani khedira,,124410.0,1994-01-27,,Tunisia,MID,32.369609856262834,2000000.0,2500000.0,,,,,,0,,,14.508657738524219,-0.22314345131425473,False,False,False,True,,,-0.060827866,-0.06271597
predict,WC-2026,rjan haskjold nyland,,73517.0,1990-09-10,,Norway,GK,35.75085557837098,900000.0,900000.0,,,,,,0,,,13.710150042306449,0.0,False,False,True,False,,,-0.0634698,-0.065527305
predict,WC-2026,axel tuanzebe,,342046.0,1997-11-14,,Congo DR,DEF,28.57221081451061,5000000.0,5000000.0,,,,,,0,,,15.424948470398375,0.0,True,False,False,False,,,-0.06579237,-0.06800494
predict,WC-2026,jordan pierre ayew,,108354.0,1991-09-11,,Ghana,FWD,34.74880219028063,1800000.0,2500000.0,,,,,,2,,,14.403297222866392,-0.3285039114165549,False,True,False,False,,,-0.072761595,-0.07547411
predict,WC-2026,thomas andre a meunier,,100986.0,1991-09-12,,Belgium,DEF,34.7460643394935,1800000.0,2000000.0,,,,,,2,,,14.403297222866392,-0.10536046010230012,True,False,False,False,,,-0.07321809,-0.075965166
predict,WC-2026,garry mendes rodrigues,,170895.0,1990-11-27,,Cabo Verde,MID,35.53730321697468,325000.0,700000.0,,,,,,0,,,12.691580461311874,-0.7672535043657321,False,False,False,True,,,-0.07390085,-0.07670004
predict,WC-2026,mathew david ryan,,128969.0,1992-04-08,,Australia,GK,34.17385352498289,2000000.0,2500000.0,,,,,,3,,,14.508657738524219,-0.22314345131425473,False,False,True,False,,,-0.078871906,-0.08206572
predict,WC-2026,ermedin demirovic,,335457.0,1998-03-25,,Bosnia And Herzegovina,FWD,28.213552361396303,22000000.0,22000000.0,,,,,,0,,,16.90655301132259,0.0,False,True,False,False,,,-0.07995483,-0.08323814
predict,WC-2026,marco friedl,,156990.0,1998-03-16,,Austria,DEF,28.238193018480494,12000000.0,12000000.0,,,,,,0,,,16.300417207752275,0.0,True,False,False,False,,,-0.08182463,-0.08526547
predict,WC-2026,isak malcolm kwaku hien,,503075.0,1999-01-13,,Sweden,DEF,27.408624229979466,25000000.0,30000000.0,,,,,,0,,,17.034386382832476,-0.18232155012728818,True,False,False,False,,,-0.08342035,-0.086998634
predict,WC-2026,takehiro tomiyasu,,331560.0,1998-11-05,,Japan,DEF,27.59753593429158,12000000.0,18000000.0,,,,,,1,,,16.300417207752275,-0.4054650803303886,True,False,False,False,,,-0.086394176,-0.090235986
predict,WC-2026,amir hadziahmetovic,,293213.0,1997-03-08,,Bosnia And Herzegovina,MID,29.259411362080765,4200000.0,5000000.0,,,,,,0,,,15.250595083253597,-0.17435334904954797,False,False,False,True,,,-0.08820844,-0.09221576
predict,WC-2026,viktor einar gyokeres,,325443.0,1998-06-04,,Sweden,FWD,28.019164955509925,70000000.0,75000000.0,,,,,,0,,,18.064005800013632,-0.06899287053457052,False,True,False,False,,,-0.09141125,-0.095719524
predict,WC-2026,nico elvedi,,192635.0,1996-09-30,,Switzerland,DEF,29.694729637234772,8000000.0,8000000.0,,,,,,2,,,15.89495209964411,0.0,True,False,False,False,,,-0.09420188,-0.09878155
predict,WC-2026,riechedly guillermo bazoer,,216443.0,1996-10-12,,Curaçao,DEF,29.661875427789184,2800000.0,3000000.0,,,,,,0,,,14.845129975145433,-0.06899284767743581,True,False,False,False,,,-0.09626776,-0.10105384
predict,WC-2026,jean philippe mateta,,420002.0,1997-06-28,,France,FWD,28.95277207392197,40000000.0,30000000.0,,,,,,0,,,17.50439001207821,0.2876820641184478,False,True,False,False,,,-0.0970168,-0.101878874
predict,WC-2026,jae sung lee,,314398.0,1992-08-10,,Korea Republic,MID,33.83436002737851,2000000.0,2500000.0,,,,,,2,,,14.508657738524219,-0.22314345131425473,False,False,False,True,,,-0.10014114,-0.10532691
predict,WC-2026,lawrence shankland,,225744.0,1995-08-10,,Scotland,FWD,30.836413415468858,2500000.0,2500000.0,,,,,,0,,,14.73180128983843,0.0,False,True,False,False,,,-0.10646966,-0.11234418
predict,WC-2026,sasa kalajdzic,,369567.0,1997-07-07,,Austria,FWD,28.928131416837783,2000000.0,4000000.0,,,,,,0,,,14.508657738524219,-0.6931469305600392,False,True,False,False,,,-0.10773018,-0.113747194
predict,WC-2026,samet akaydin,,295024.0,1994-03-13,,Türkiye,DEF,32.24640657084189,1200000.0,1600000.0,,,,,,0,,,13.997832114758229,-0.2876818641185995,True,False,False,False,,,-0.108202755,-0.11427365
predict,WC-2026,mattias olof svanberg,,342405.0,1999-01-05,,Sweden,MID,27.430527036276523,12000000.0,12000000.0,,,,,,0,,,16.300417207752275,0.0,False,False,False,True,,,-0.10874647,-0.11487966
predict,WC-2026,kevin danso,,263236.0,1998-09-19,,Austria,DEF,27.72621492128679,22000000.0,25000000.0,,,,,,0,,,16.90655301132259,-0.12783336605533963,True,False,False,False,,,-0.11347921,-0.120168604
predict,WC-2026,auston levi jesaiah trusty,,389253.0,1998-08-12,,USA,DEF,27.83025325119781,5000000.0,7500000.0,,,,,,0,,,15.424948470398375,-0.4054650414415088,True,False,False,False,,,-0.11623265,-0.12325716
predict,WC-2026,idrissa gana gueye,,126665.0,1989-09-26,,Senegal,MID,36.70636550308008,1000000.0,1500000.0,,,,,,2,,,13.815510557964274,-0.4054647747751089,False,False,False,True,,,-0.124421045,-0.13249259
predict,WC-2026,phillip mwene,,127573.0,1994-01-29,,Austria,DEF,32.36413415468857,1500000.0,1800000.0,,,,,,0,,,14.22097566607244,-0.18232144568291145,True,False,False,False,,,-0.13523147,-0.14480174
predict,WC-2026,nicolas hernan gonzalo otamendi,,54781.0,1988-02-12,,Argentina,DEF,38.327173169062284,1000000.0,1000000.0,,,,,,2,,,13.815510557964274,0.0,True,False,False,False,,,-0.13883287,-0.14893205
predict,WC-2026,julian ryerson,,370789.0,1997-11-17,,Norway,FWD,28.56399726214921,20000000.0,20000000.0,,,,,,0,,,16.811242831518264,0.0,False,True,False,False,,,-0.1396046,-0.14981908
predict,WC-2026,cody mathes gakpo,,434675.0,1999-05-07,,Netherlands,FWD,27.096509240246405,70000000.0,70000000.0,,,,,,1,,,18.064005800013632,0.0,False,True,False,False,,,-0.14395109,-0.15482761
predict,WC-2026,abdul rahaman baba,,224884.0,1994-07-02,,Ghana,DEF,31.942505133470227,2000000.0,2000000.0,,,,,,0,,,14.508657738524219,0.0,True,False,False,False,,,-0.15250674,-0.1647503
predict,WC-2026,ross cameron stewart,,447995.0,1996-07-11,,Scotland,FWD,29.916495550992472,2800000.0,4000000.0,,,,,,0,,,14.845129975145433,-0.3566748367959077,False,True,False,False,,,-0.15393162,-0.16641112
predict,WC-2026,mehdi taremi,,307058.0,1992-07-18,,IR Iran,FWD,33.89733059548254,2500000.0,5000000.0,,,,,,2,,,14.73180128983843,-0.6931469805600053,False,True,False,False,,,-0.15559606,-0.16835417
predict,WC-2026,haris tabakovic,,203123.0,1994-06-20,,Bosnia And Herzegovina,FWD,31.975359342915812,3000000.0,2500000.0,,,,,,0,,,14.914122846632385,0.18232149012731239,False,True,False,False,,,-0.15603821,-0.16887087
predict,WC-2026,orkun kokcu,,454567.0,2000-12-29,,Türkiye,MID,25.44832306639288,25000000.0,30000000.0,,,,,,0,,,17.034386382832476,-0.18232155012728818,False,False,False,True,,,-0.15628801,-0.1691629
predict,WC-2026,goncalo manuel ganchinho guedes,,225122.0,1996-11-29,,Portugal,FWD,29.530458590006845,6000000.0,11000000.0,,,,,,1,,,15.60727002719233,-0.6061357278127495,False,True,False,False,,,-0.15788202,-0.17102802
predict,WC-2026,leandro daniel paredes,,166237.0,1994-06-29,,Argentina,MID,31.95071868583162,5000000.0,5000000.0,,,,,,1,,,15.424948470398375,0.0,False,False,False,True,,,-0.16045259,-0.1740421
predict,WC-2026,eldor shomurodov,,358166.0,1995-06-29,,Uzbekistan,FWD,30.951403148528406,5000000.0,4000000.0,,,,,,0,,,15.424948470398375,0.22314350131422106,False,True,False,False,,,-0.1622196,-0.17611848
predict,WC-2026,brice lauriche samba,,191056.0,1994-04-25,,France,GK,32.12867898699521,10000000.0,12000000.0,,,,,,0,,,16.11809565095832,-0.18232154012728946,False,False,True,False,,,-0.16249724,-0.17644507
predict,WC-2026,theo mbulofeko batombo bongonda,,280701.0,1995-11-20,,Congo DR,MID,30.55715263518138,5000000.0,6000000.0,,,,,,0,,,15.424948470398375,-0.18232152346062744,False,False,False,True,,,-0.1637099,-0.17787257
predict,WC-2026,cristian gabriel romero,,355915.0,1998-04-27,,Argentina,DEF,28.123203285420946,60000000.0,50000000.0,,,,,,1,,,17.909855120186375,0.18232155346062134,True,False,False,False,,,-0.16371839,-0.17788255
predict,WC-2026,kai lukas havertz,,309400.0,1999-06-11,,Germany,FWD,27.000684462696782,55000000.0,65000000.0,,,,,,1,,,17.822843743196746,-0.16705408186596338,False,True,False,False,,,-0.16429447,-0.17856131
predict,WC-2026,frantzdy pierrot,,492955.0,1995-03-29,,Haiti,FWD,31.20328542094456,3000000.0,3200000.0,,,,,,0,,,14.914122846632385,-0.06453850030424463,False,True,False,False,,,-0.16828354,-0.18327206
predict,WC-2026,christian mate pulisic,,315779.0,1998-09-18,,USA,FWD,27.72895277207392,60000000.0,50000000.0,,,,,,1,,,17.909855120186375,0.18232155346062134,False,True,False,False,,,-0.1764261,-0.19294626
predict,WC-2026,john francis souttar,,235767.0,1996-09-25,,Scotland,DEF,29.70841889117043,3500000.0,4500000.0,,,,,,0,,,15.068273526459642,-0.25131436478885877,True,False,False,False,,,-0.18401586,-0.20203488
predict,WC-2026,kristoffer vassbakk kopp ajer,,328658.0,1998-04-17,,Norway,DEF,28.150581793292265,16000000.0,18000000.0,,,,,,0,,,16.588099280204055,-0.1177830287119394,True,False,False,False,,,-0.18624546,-0.20471792
predict,WC-2026,michael gregoritsch,,120205.0,1994-04-18,,Austria,FWD,32.14784394250513,1500000.0,3000000.0,,,,,,0,,,14.22097566607244,-0.6931468472267788,False,True,False,False,,,-0.19312127,-0.21302988
predict,WC-2026,ivan perisic,,42460.0,1989-02-02,,Croatia,FWD,37.35249828884326,1300000.0,1500000.0,,,,,,3,,,14.077874822431765,-0.14310074107664436,False,True,False,False,,,-0.19504733,-0.21536852
predict,WC-2026,cedric bakambu,,127048.0,1991-04-11,,Congo DR,FWD,35.167693360711844,1400000.0,1500000.0,,,,,,0,,,14.151982794585487,-0.06899282386793669,False,True,False,False,,,-0.19785501,-0.21878567
predict,WC-2026,nabil bentaleb,,245537.0,1994-11-24,,Algeria,MID,31.54551676933607,5000000.0,6000000.0,,,,,,1,,,15.424948470398375,-0.18232152346062744,False,False,False,True,,,-0.19998784,-0.22138791
predict,WC-2026,hicham boudaoui,,560593.0,1999-09-23,,Algeria,MID,26.715947980835043,12000000.0,15000000.0,,,,,,0,,,16.300417207752275,-0.2231435346475443,False,False,False,True,,,-0.20867188,-0.23204067
predict,WC-2026,eric anders smith,,292534.0,1997-01-08,,Sweden,DEF,29.420944558521562,5000000.0,5000000.0,,,,,,0,,,15.424948470398375,0.0,True,False,False,False,,,-0.20889823,-0.23231958
predict,WC-2026,axel laurent a witsel,,35047.0,1989-01-12,,Belgium,MID,37.40999315537303,1400000.0,2000000.0,,,,,,3,,,14.151982794585487,-0.3566747296531482,False,False,False,True,,,-0.20892458,-0.23235202
predict,WC-2026,jordan brian henderson,,61651.0,1990-06-17,,England,MID,35.983572895277206,2000000.0,2500000.0,,,,,,3,,,14.508657738524219,-0.22314345131425473,False,False,False,True,,,-0.21522345,-0.24013896
predict,WC-2026,wout francois maria weghorst,,228645.0,1992-08-07,,Netherlands,FWD,33.842573579739906,3500000.0,4000000.0,,,,,,1,,,15.068273526459642,-0.1335313569102465,False,True,False,False,,,-0.21789189,-0.24345261
predict,WC-2026,tijjani martinus jan reijnders,,460939.0,1998-07-29,,Netherlands,MID,27.86858316221766,65000000.0,50000000.0,,,,,,0,,,17.98989782785991,0.2623642598521066,False,False,False,True,,,-0.22178392,-0.24830163
predict,WC-2026,andrej kramaric,,46580.0,1991-06-19,,Croatia,FWD,34.978781656399725,3000000.0,4000000.0,,,,,,2,,,14.914122846632385,-0.28768198911847187,False,True,False,False,,,-0.23086794,-0.25969285
predict,WC-2026,mark maria hubertus flekken,,125714.0,1993-06-13,,Netherlands,GK,32.993839835728956,8000000.0,10000000.0,,,,,,0,,,15.89495209964411,-0.22314352631421253,False,False,True,False,,,-0.2337252,-0.2632973
predict,WC-2026,jose pedro malheiro de sa,,249994.0,1993-01-17,,Portugal,GK,33.39630390143737,5000000.0,7000000.0,,,,,,1,,,15.424948470398375,-0.3364721794783656,False,False,True,False,,,-0.25100017,-0.2853103
predict,WC-2026,ayoub el kaabi,,521127.0,1993-06-25,,Morocco,FWD,32.96098562628337,5000000.0,5000000.0,,,,,,1,,,15.424948470398375,0.0,False,True,False,False,,,-0.25549644,-0.29110244
predict,WC-2026,breel donald embolo,,237662.0,1997-02-14,,Switzerland,FWD,29.319644079397673,12000000.0,12000000.0,,,,,,2,,,16.300417207752275,0.0,False,True,False,False,,,-0.25939053,-0.2961399
predict,WC-2026,oliver baumann,,55089.0,1990-06-02,,Germany,GK,36.02464065708419,3000000.0,3000000.0,,,,,,0,,,14.914122846632385,0.0,False,False,True,False,,,-0.2642824,-0.302496
predict,WC-2026,kieran tierney,,300716.0,1997-06-05,,Scotland,DEF,29.01574264202601,8000000.0,9000000.0,,,,,,0,,,15.89495209964411,-0.1177830217674962,True,False,False,False,,,-0.2875321,-0.33313337
predict,WC-2026,michel aebischer,,237658.0,1997-01-06,,Switzerland,MID,29.426420260095824,4500000.0,10000000.0,,,,,,1,,,15.319587954740548,-0.798507573995569,False,False,False,True,,,-0.2881865,-0.33400607
predict,WC-2026,marin pongracic,,282144.0,1997-09-11,,Croatia,DEF,28.747433264887064,7500000.0,10000000.0,,,,,,0,,,15.830413578506539,-0.28768203911845147,True,False,False,False,,,-0.28846645,-0.33437958
predict,WC-2026,geronimo rulli,,229604.0,1992-05-20,,Argentina,GK,34.05886379192334,9000000.0,8000000.0,,,,,,1,,,16.012735135300492,0.11778302176749628,False,False,True,False,,,-0.30050516,-0.35054088
predict,WC-2026,junya ito,,348791.0,1993-03-09,,Japan,MID,33.256673511293634,3500000.0,6000000.0,,,,,,1,,,15.068273526459642,-0.5389963816850948,False,False,False,True,,,-0.30243564,-0.35315058
predict,WC-2026,ellyes joris skhiri,,290587.0,1995-05-10,,Tunisia,MID,31.08829568788501,6000000.0,7500000.0,,,,,,2,,,15.60727002719233,-0.2231435179808814,False,False,False,True,,,-0.30412728,-0.35544154
predict,WC-2026,kou itakura,,355816.0,1997-01-27,,Japan,DEF,29.36892539356605,10000000.0,12000000.0,,,,,,1,,,16.11809565095832,-0.18232154012728946,True,False,False,False,,,-0.30679578,-0.35906336
predict,WC-2026,konrad laimer,,223967.0,1997-05-27,,Austria,MID,29.0403832991102,32000000.0,25000000.0,,,,,,0,,,17.281246460764002,0.2468600691815261,False,False,False,True,,,-0.30713904,-0.35952997
predict,WC-2026,tsuyoshi watanabe,,598791.0,1997-02-05,,Japan,DEF,29.34428473648186,10000000.0,9000000.0,,,,,,0,,,16.11809565095832,0.10536050454671646,True,False,False,False,,,-0.3146661,-0.36980185
predict,WC-2026,lewis ferguson,,428563.0,1999-08-24,,Scotland,MID,26.798083504449007,20000000.0,24000000.0,,,,,,0,,,16.811242831518264,-0.18232154846062165,False,False,False,True,,,-0.31786644,-0.3741927
predict,WC-2026,ezri ngoyo konsa,,413403.0,1997-10-23,,England,DEF,28.632443531827516,35000000.0,35000000.0,,,,,,0,,,17.37085861945369,0.0,True,False,False,False,,,-0.3279065,-0.38805917
predict,WC-2026,ismaila sarr,,410225.0,1998-02-25,,Senegal,FWD,28.290212183436,35000000.0,25000000.0,,,,,,2,,,17.37085861945369,0.33647222519264186,False,True,False,False,,,-0.33238584,-0.39429075
predict,WC-2026,daichi kamada,,356141.0,1996-08-05,,Japan,MID,29.848049281314168,12000000.0,12000000.0,,,,,,1,,,16.300417207752275,0.0,False,False,False,True,,,-0.34226912,-0.40813923
predict,WC-2026,ante budimir,,46413.0,1991-07-22,,Croatia,FWD,34.888432580424364,3000000.0,5000000.0,,,,,,1,,,14.914122846632385,-0.510825490432693,False,True,False,False,,,-0.35123593,-0.4208225
predict,WC-2026,sander gard bolin berge,,333014.0,1998-02-14,,Norway,MID,28.320328542094455,25000000.0,25000000.0,,,,,,0,,,17.034386382832476,0.0,False,False,False,True,,,-0.36181194,-0.43592888
predict,WC-2026,marcel sabitzer,,106987.0,1994-03-17,,Austria,MID,32.23545516769336,7000000.0,8000000.0,,,,,,0,,,15.761420707019587,-0.13353137476738214,False,False,False,True,,,-0.36619824,-0.44224113
predict,WC-2026,seko mohamed fofana,,182893.0,1995-05-07,,Côte D'Ivoire,MID,31.096509240246405,8000000.0,10000000.0,,,,,,0,,,15.89495209964411,-0.22314352631421253,False,False,False,True,,,-0.36966145,-0.44724458
predict,WC-2026,justin dean kluivert,,330659.0,1999-05-05,,Netherlands,MID,27.10198494182067,32000000.0,35000000.0,,,,,,0,,,17.281246460764002,-0.08961215601111576,False,False,False,True,,,-0.370592,-0.44859195
predict,WC-2026,ryan christie,,188077.0,1995-02-22,,Scotland,MID,31.299110198494184,9000000.0,10000000.0,,,,,,0,,,16.012735135300492,-0.1053605045467164,False,False,False,True,,,-0.3803926,-0.46285877
predict,WC-2026,simon bokote banza,,344869.0,1996-08-13,,Congo DR,FWD,29.82614647501711,11000000.0,15000000.0,,,,,,0,,,16.213405830762646,-0.3101549040614171,False,True,False,False,,,-0.38152838,-0.46452126
predict,WC-2026,brandon erik mechele,,236168.0,1993-01-28,,Belgium,DEF,33.36618754277892,3000000.0,3500000.0,,,,,,0,,,14.914122846632385,-0.15415063220822547,True,False,False,False,,,-0.38833803,-0.47452813
predict,WC-2026,irfan kahveci,,216603.0,1995-07-15,,Türkiye,FWD,30.90759753593429,4500000.0,8000000.0,,,,,,0,,,15.319587954740548,-0.5753640476813564,False,True,False,False,,,-0.38861102,-0.4749307
predict,WC-2026,eberechi oluchi eze,,479999.0,1998-06-29,,England,MID,27.95071868583162,65000000.0,55000000.0,,,,,,0,,,17.98989782785991,0.16705408186596338,False,False,False,True,,,-0.39176393,-0.4795884
predict,WC-2026,remo marco freuler,,148252.0,1992-04-15,,Switzerland,MID,34.15468856947297,4000000.0,6500000.0,,,,,,2,,,15.201804919084164,-0.48550771962787403,False,False,False,True,,,-0.3934927,-0.48214847
predict,WC-2026,noussair mazraoui,,340456.0,1997-11-14,,Morocco,DEF,28.57221081451061,22000000.0,25000000.0,,,,,,1,,,16.90655301132259,-0.12783336605533963,True,False,False,False,,,-0.39385635,-0.48268756
predict,WC-2026,pascal alexander gro,,82873.0,1991-06-15,,Germany,MID,34.98973305954826,3500000.0,5000000.0,,,,,,0,,,15.068273526459642,-0.35667485822446743,False,False,False,True,,,-0.40299726,-0.49630275
predict,WC-2026,caglar soyuncu,,320141.0,1996-05-23,,Türkiye,DEF,30.050650239561943,6000000.0,8000000.0,,,,,,0,,,15.60727002719233,-0.2876820307851203,True,False,False,False,,,-0.40369642,-0.49734932
predict,WC-2026,ibrahim sangare,,375885.0,1997-12-02,,Côte D'Ivoire,MID,28.522929500342233,22000000.0,24000000.0,,,,,,0,,,16.90655301132259,-0.0870113732017512,False,False,False,True,,,-0.4056803,-0.5003228
predict,WC-2026,matheus luiz nunes,,601883.0,1998-08-27,,Portugal,MID,27.789185489390828,38000000.0,35000000.0,,,,,,1,,,17.45309671769066,0.08223809598133303,False,False,False,True,,,-0.40823317,-0.5041578
predict,WC-2026,achraf hakimi,,398073.0,1998-11-04,,Morocco,DEF,27.600273785078713,80000000.0,80000000.0,,,,,,2,,,18.197537192638155,0.0,True,False,False,False,,,-0.42648154,-0.5318582
predict,WC-2026,jordan lee pickford,,130164.0,1994-03-07,,England,GK,32.26283367556468,15000000.0,18000000.0,,,,,,2,,,16.523560759066484,-0.1823215456828442,False,False,True,False,,,-0.44885844,-0.56652284
predict,WC-2026,hans vanaken,,137576.0,1992-08-24,,Belgium,MID,33.79603011635866,6000000.0,7000000.0,,,,,,1,,,15.60727002719233,-0.1541506560177382,False,False,False,True,,,-0.45376247,-0.574224
predict,WC-2026,wataru endo,,146310.0,1993-02-09,,Japan,MID,33.333333333333336,5000000.0,8000000.0,,,,,,2,,,15.424948470398375,-0.4700035542457478,False,False,False,True,,,-0.45518398,-0.57646334
predict,WC-2026,mario pasalic,,205938.0,1995-02-09,,Croatia,MID,31.3347022587269,7000000.0,13000000.0,,,,,,1,,,15.761420707019587,-0.6190391424721646,False,False,False,True,,,-0.48810786,-0.6292306
predict,WC-2026,nadiem amiri,,232454.0,1996-10-27,,Germany,MID,29.620807665982205,17000000.0,20000000.0,,,,,,0,,,16.64872390202049,-0.162518920674246,False,False,False,True,,,-0.49454874,-0.6397581
predict,WC-2026,vladimir coufal,,157672.0,1992-08-22,,Czechia,DEF,33.80150581793292,2700000.0,5000000.0,,,,,,0,,,14.808762330974558,-0.6161859690534953,True,False,False,False,,,-0.4961955,-0.6424606
predict,WC-2026,hee chan hwang,,292246.0,1996-01-26,,Korea Republic,MID,30.373716632443532,10000000.0,12000000.0,,,,,,2,,,16.11809565095832,-0.18232154012728946,False,False,False,True,,,-0.5134504,-0.671047
predict,WC-2026,issa laye lucas jean diop,,272622.0,1997-01-09,,Morocco,DEF,29.418206707734427,10000000.0,14000000.0,,,,,,0,,,16.11809565095832,-0.3364722080497868,True,False,False,False,,,-0.514988,-0.67361844
predict,WC-2026,timothy castagne,,262226.0,1995-12-05,,Belgium,DEF,30.5160848733744,10000000.0,13000000.0,,,,,,1,,,16.11809565095832,-0.2623642413905701,True,False,False,False,,,-0.5158505,-0.67506254
predict,WC-2026,philipp lienhart,,225657.0,1996-07-11,,Austria,DEF,29.916495550992472,12000000.0,12000000.0,,,,,,0,,,16.300417207752275,0.0,True,False,False,False,,,-0.55141586,-0.73570883
predict,WC-2026,marko arnautovic,,41384.0,1989-04-19,,Austria,FWD,37.14442162902122,2500000.0,3500000.0,,,,,,0,,,14.73180128983843,-0.33647212233553775,False,True,False,False,,,-0.56861955,-0.7658278
predict,WC-2026,abdulkerim bardakci,,199316.0,1994-09-07,,Türkiye,DEF,31.759069130732374,6500000.0,7000000.0,,,,,,0,,,15.687312734865866,-0.07410796116471252,True,False,False,False,,,-0.57884187,-0.7839712
predict,WC-2026,patrik schick,,242086.0,1996-01-24,,Czechia,FWD,30.379192334017795,25000000.0,27000000.0,,,,,,0,,,17.034386382832476,-0.07696103817316549,False,True,False,False,,,-0.5857696,-0.7963729
predict,WC-2026,exequiel alejandro palacios,,401578.0,1998-10-05,,Argentina,MID,27.682409308692677,30000000.0,40000000.0,,,,,,1,,,17.216707939626428,-0.2876820641184478,False,False,False,True,,,-0.599156,-0.8205817
predict,WC-2026,thomas teye partey,,230784.0,1993-06-13,,Ghana,MID,32.993839835728956,5000000.0,14000000.0,,,,,,1,,,15.424948470398375,-1.029619288609747,False,False,False,True,,,-0.6005818,-0.82317924
predict,WC-2026,fredrik aursnes,,223367.0,1995-12-10,,Norway,MID,30.50239561943874,17000000.0,20000000.0,,,,,,0,,,16.64872390202049,-0.162518920674246,False,False,False,True,,,-0.6052474,-0.83170533
predict,WC-2026,alexander srloth,,238407.0,1995-12-05,,Norway,FWD,30.5160848733744,20000000.0,25000000.0,,,,,,0,,,16.811242831518264,-0.22314354131421016,False,True,False,False,,,-0.6118543,-0.8438473
predict,WC-2026,tomas soucek,,283628.0,1995-02-27,,Czechia,MID,31.28542094455852,12000000.0,18000000.0,,,,,,0,,,16.300417207752275,-0.4054650803303886,False,False,False,True,,,-0.62989396,-0.8774115
predict,WC-2026,martin degaard,,316264.0,1998-12-17,,Norway,MID,27.482546201232033,75000000.0,85000000.0,,,,,,0,,,18.132998671500584,-0.12516314138537857,False,False,False,True,,,-0.6340999,-0.88532436
predict,WC-2026,john mcginn,,193116.0,1994-10-18,,Scotland,MID,31.64681724845996,15000000.0,16000000.0,,,,,,0,,,16.523560759066484,-0.06453851697090476,False,False,False,True,,,-0.6412149,-0.8987863
predict,WC-2026,waldemar anton,,193004.0,1996-07-20,,Germany,DEF,29.89185489390828,18000000.0,18000000.0,,,,,,0,,,16.70588231586044,0.0,True,False,False,False,,,-0.643508,-0.90314543
predict,WC-2026,antonee robinson,,349701.0,1997-08-08,,USA,DEF,28.840520191649556,30000000.0,35000000.0,,,,,,1,,,17.216707939626428,-0.15415067506535368,True,False,False,False,,,-0.6485445,-0.9127548
predict,WC-2026,scott francis mctominay,,315969.0,1996-12-08,,Scotland,MID,29.505817932922657,45000000.0,40000000.0,,,,,,0,,,17.622173047734595,0.11778303287860584,False,False,False,True,,,-0.6695165,-0.9532927
predict,WC-2026,lucas digne,,126664.0,1993-07-20,,France,DEF,32.89253935660506,8000000.0,10000000.0,,,,,,1,,,15.89495209964411,-0.22314352631421253,True,False,False,False,,,-0.6733502,-0.9607954
predict,WC-2026,manuel peter neuer,,17259.0,1986-03-27,,Germany,GK,40.20807665982204,4000000.0,4000000.0,,,,,,3,,,15.201804919084164,0.0,False,False,True,False,,,-0.6765731,-0.96712506
predict,WC-2026,teun koopmeiners,,360518.0,1998-02-28,,Netherlands,MID,28.281998631074607,28000000.0,40000000.0,,,,,,1,,,17.14771506813948,-0.356674933224447,False,False,False,True,,,-0.6783437,-0.9706111
predict,WC-2026,nayef aguerd,,361914.0,1996-03-30,,Morocco,DEF,30.198494182067076,22000000.0,18000000.0,,,,,,1,,,16.90655301132259,0.20067068536114152,True,False,False,False,,,-0.67941004,-0.9727136
predict,WC-2026,marcus rashford,,258923.0,1997-10-31,,England,FWD,28.61054072553046,40000000.0,50000000.0,,,,,,2,,,17.50439001207821,-0.22314354631420985,False,True,False,False,,,-0.7368148,-1.0892701
predict,WC-2026,davinson sanchez mina,,341429.0,1996-06-12,,Colombia,DEF,29.9958932238193,18000000.0,19000000.0,,,,,,1,,,16.70588231586044,-0.054067218346299274,True,False,False,False,,,-0.73730093,-1.090286
predict,WC-2026,declan rice,,357662.0,1999-01-14,,England,MID,27.405886379192335,120000000.0,120000000.0,,,,,,1,,,18.60300230074632,0.0,False,False,False,True,,,-0.738643,-1.0930932
predict,WC-2026,lautaro javier martinez,,406625.0,1997-08-22,,Argentina,FWD,28.802190280629706,85000000.0,95000000.0,,,,,,1,,,18.258161814454592,-0.1112256338718343,False,True,False,False,,,-0.75427765,-1.1260753
predict,WC-2026,nelson cabral semedo,,231572.0,1993-11-16,,Portugal,DEF,32.56673511293634,7500000.0,9000000.0,,,,,,0,,,15.830413578506539,-0.18232153457173517,True,False,False,False,,,-0.7847269,-1.1918082
predict,WC-2026,adrien thibault marie rabiot,,182913.0,1995-04-03,,France,MID,31.189596167008897,20000000.0,25000000.0,,,,,,1,,,16.811242831518264,-0.22314354131421016,False,False,False,True,,,-0.794744,-1.2138741
predict,WC-2026,leroy aziz sane,,192565.0,1996-01-11,,Germany,MID,30.414784394250514,23000000.0,32000000.0,,,,,,1,,,16.951004773893423,-0.3302416746423164,False,False,False,True,,,-0.81652373,-1.2626207
predict,WC-2026,rodrigo javier de paul,,255901.0,1994-05-24,,Argentina,MID,32.049281314168375,15000000.0,25000000.0,,,,,,1,,,16.523560759066484,-0.5108255970993254,False,False,False,True,,,-0.8271498,-1.2867916
predict,WC-2026,leandro trossard,,144028.0,1994-12-04,,Belgium,FWD,31.51813826146475,20000000.0,22000000.0,,,,,,1,,,16.811242831518264,-0.09531017525887056,False,True,False,False,,,-0.8356781,-1.3063774
predict,WC-2026,jonathan glao tah,,196357.0,1996-02-11,,Germany,DEF,30.32991101984942,30000000.0,30000000.0,,,,,,0,,,17.216707939626428,0.0,True,False,False,False,,,-0.85636014,-1.3545747
predict,WC-2026,alexis mac allister,,534033.0,1998-12-24,,Argentina,MID,27.463381245722108,85000000.0,100000000.0,,,,,,1,,,18.258161814454592,-0.16251892773306903,False,False,False,True,,,-0.8722369,-1.392256
predict,WC-2026,granit xhaka,,111455.0,1992-09-27,,Switzerland,MID,33.70294318959617,10000000.0,12000000.0,,,,,,3,,,16.11809565095832,-0.18232154012728946,False,False,False,True,,,-0.90098536,-1.4620278
predict,WC-2026,luka modric,,27992.0,1985-09-09,,Croatia,MID,40.75290896646133,4000000.0,4000000.0,,,,,,3,,,15.201804919084164,0.0,False,False,False,True,,,-0.9023519,-1.4653947
predict,WC-2026,leon christoph goretzka,,153084.0,1995-02-06,,Germany,MID,31.342915811088297,15000000.0,22000000.0,,,,,,2,,,16.523560759066484,-0.38299223104398583,False,False,False,True,,,-0.9101042,-1.4845815
predict,WC-2026,youri marion a tielemans,,249565.0,1997-05-07,,Belgium,MID,29.09514031485284,35000000.0,38000000.0,,,,,,2,,,17.37085861945369,-0.082238095981333,False,False,False,True,,,-0.9369183,-1.5521045
predict,WC-2026,denzel justus morris dumfries,,321528.0,1996-04-18,,Netherlands,DEF,30.146475017111566,25000000.0,28000000.0,,,,,,1,,,17.034386382832476,-0.11332868102128905,True,False,False,False,,,-0.968316,-1.6335061
predict,WC-2026,lucas francois bernard hernandez,,281963.0,1996-02-14,,France,DEF,30.321697467488022,20000000.0,25000000.0,,,,,,2,,,16.811242831518264,-0.22314354131421016,True,False,False,False,,,-0.99104744,-1.6940548
predict,WC-2026,nathan benjamin ake,,177476.0,1995-02-18,,Netherlands,DEF,31.310061601642712,18000000.0,25000000.0,,,,,,1,,,16.70588231586044,-0.3285040514164812,True,False,False,False,,,-1.0195035,-1.7718182
predict,WC-2026,ruben dos santos gato alves dias,,258004.0,1997-05-14,,Portugal,DEF,29.075975359342916,60000000.0,65000000.0,,,,,,2,,,17.909855120186375,-0.08004270639148514,True,False,False,False,,,-1.0404968,-1.8306229
predict,WC-2026,mateo kovacic,,51471.0,1994-05-06,,Croatia,MID,32.09856262833676,15000000.0,20000000.0,,,,,,3,,,16.523560759066484,-0.28768205578511524,False,False,False,True,,,-1.0422764,-1.8356647
predict,WC-2026,heung min son,,91845.0,1992-07-08,,Korea Republic,FWD,33.92470910335387,17000000.0,20000000.0,,,,,,3,,,16.64872390202049,-0.162518920674246,False,True,False,False,,,-1.0983077,-1.9990864
predict,WC-2026,hakan calhanoglu,,126414.0,1994-02-08,,Türkiye,MID,32.336755646817245,22000000.0,35000000.0,,,,,,0,,,16.90655301132259,-0.46430559124798154,False,False,False,True,,,-1.106675,-2.024286
predict,WC-2026,manuel obafemi akanji,,284730.0,1995-07-19,,Switzerland,DEF,30.89664613278576,22000000.0,28000000.0,,,,,,2,,,16.90655301132259,-0.24116204707662872,True,False,False,False,,,-1.1324356,-2.1032054
predict,WC-2026,john stones,,186590.0,1994-05-28,,England,DEF,32.03832991101985,18000000.0,25000000.0,,,,,,2,,,16.70588231586044,-0.3285040514164812,True,False,False,False,,,-1.208709,-2.349158
predict,WC-2026,bernardo mota veiga de carvalho e silva,,241641.0,1994-08-10,,Portugal,MID,31.835728952772072,27000000.0,38000000.0,,,,,,2,,,17.111347423968603,-0.3417492830008095,False,False,False,True,,,-1.2257993,-2.4068882
predict,WC-2026,kevin de bruyne,,88755.0,1991-06-28,,Belgium,MID,34.954140999315534,15000000.0,20000000.0,,,,,,3,,,16.523560759066484,-0.28768205578511524,False,False,False,True,,,-1.3284459,-2.7751718
predict,WC-2026,bruno miguel borges fernandes,,240306.0,1994-09-08,,Portugal,MID,31.756331279945243,40000000.0,50000000.0,,,,,,2,,,17.50439001207821,-0.22314354631420985,False,False,False,True,,,-1.3767264,-2.9619107
predict,WC-2026,virgil van dijk,,139208.0,1991-07-08,,Netherlands,DEF,34.926762491444215,18000000.0,23000000.0,,,,,,1,,,16.70588231586044,-0.24512244595569097,True,False,False,False,,,-1.4710329,-3.3537297
predict,WC-2026,joshua walter kimmich,,161056.0,1995-02-08,,Germany,DEF,31.33744010951403,40000000.0,45000000.0,,,,,,2,,,17.50439001207821,-0.11778303287860575,True,False,False,False,,,-1.4836099,-3.4088326
predict,WC-2026,harry edward kane,,132098.0,1993-07-28,,England,FWD,32.87063655030801,65000000.0,75000000.0,,,,,,2,,,17.98989782785991,-0.14310084158939132,False,True,False,False,,,-1.6450706,-4.1813755
